1,2,3,4,5,7,8,9,6
0.22013247877371003,0.1554230030980489,0.4627374207687191,0.001,0.05496753632167841,0.27511949134493,0.25821440857467615,0.297946085189119,0.001
0.18032416332658754,0.1665838279466267,0.4929371375477608,0.11934946253082084,0.11163050292829503,0.3876986589100754,0.1629349603786212,0.34213066999604774,0.001
0.15091045125455643,0.17549913588432778,0.40901162706383265,0.001,0.04530200859333617,0.32817814823339186,0.25222494122702904,0.30882824380664753,0.043302345884841054
0.25354287517940266,0.17874104859108755,0.43158530353316704,0.01441755145776134,0.04780782783109191,0.34476840725180147,0.23961615675453604,0.3513111481453196,0.01059211413648097
0.27258794617277216,0.09953266634496415,0.338010649111554,0.04514445799693304,0.001,0.3968685510337087,0.14754792413830034,0.33575622910567177,0.04381013155771164
0.14241727781855482,0.16706712782005742,0.3420484416244774,0.029088654542697906,0.056733367979146236,0.41695989053606547,0.16680071750511474,0.3525367296006094,0.001
0.14473520907665283,0.19003667322982254,0.4889314566963677,0.001,0.0324550728142743,0.2922348273236646,0.2292083717319227,0.37963042762915195,0.010229881790607779
0.15755344523834536,0.1897604849464752,0.561580751133268,0.023043068871611685,0.01664133691685514,0.3549682832869188,0.03226828867762939,0.30326274474189446,0.02591945740515363
0.18253778858522118,0.14954530837237928,0.4627873964565578,0.051919320129626585,0.001,0.39755381397084577,0.25548230723068305,0.37922334793058,0.04821570505086891
0.17193851267284202,0.18016437752317732,0.3841022328526513,0.050831224156227886,0.04343636691862432,0.4011135544707215,0.32888635186182386,0.3661548653277602,0.001
0.26183016539221027,0.1038355020583802,0.42925018472560644,0.001,0.028736948640342933,0.410135312759242,0.39604701609790555,0.3089370304283359,0.001
0.17589252922315446,0.13532686101810648,0.4344227137374601,0.0306549055941221,0.14477773422991275,0.323617555091101,0.1350923281149218,0.24726142529251358,0.001
0.2770974958598359,0.16305764574885315,0.5397681707329494,0.01342573310874424,0.04880561447072829,0.3549315365219435,0.21285129857417254,0.3044883277570357,0.01594026849563405
0.1605370490768995,0.09168342074993092,0.46328589919103863,0.057428066462679735,0.030443725503694282,0.39533989986756,0.20362347014656343,0.2814785020062031,0.009652211455162495
0.1770178821022137,0.09931520141679592,0.4189006595263327,0.016227171979569084,0.012250724582339636,0.3764051755093549,0.08383183450303924,0.34540866940398174,0.0075101819217164925
