E1,E2,E3
0.01263614218499692,0.05516018669802236,0.05109151087392066
0.03646109878814918,0.12916281894964143,0.0695254381936942
0.08794354666020356,0.05018940674954342,0.03747903115823834
0.09607248300441294,0.14949225613490383,0.06411124311680212
0.04102011514795241,0.1312397126349046,0.03797984502610772
0.08049983740312058,0.05641572836673997,0.06012463817302114
0.011431069286123141,0.13654898854346,0.04751948966446567
0.09013644851212814,0.09675315481838698,0.06090147872239041
0.05101418250081683,0.08878621994367017,0.04801889424004157
0.03578451067719074,0.05713494613187479,0.06552736856246735
